equipment_category,equipment_type,manufacturer,part_number,unit_cost_usd,criticality,supply_constrained
GPU Servers,HGX H200 8-GPU server,Supermicro,SUP-GS-7428,235730.0,critical,True
GPU Servers,HGX H200 8-GPU server,Dell,DEL-GS-7457,194495.0,critical,True
GPU Servers,HGX H200 8-GPU server,Foxconn Industrial,FOX-GS-7560,188715.0,critical,True
GPU Servers,MGX GPU server,Supermicro,SUP-GS-2103,317853.0,critical,True
GPU Servers,MGX GPU server,Dell,DEL-GS-8219,202722.0,critical,True
GPU Servers,MGX GPU server,Foxconn Industrial,FOX-GS-6571,264102.0,critical,True
GPU Servers,4U 8-GPU air-cooled server,Supermicro,SUP-GS-2677,180033.0,critical,True
GPU Servers,4U 8-GPU air-cooled server,Dell,DEL-GS-3478,255127.0,critical,True
GPU Servers,4U 8-GPU air-cooled server,Foxconn Industrial,FOX-GS-6957,265923.0,critical,True
NVIDIA GPU Systems,DGX B200 system,NVIDIA,NVI-NGS-2152,428637.0,critical,True
NVIDIA GPU Systems,GB200 NVL72 rack system,NVIDIA,NVI-NGS-7164,305254.0,critical,True
NVIDIA GPU Systems,HGX B200 baseboard,NVIDIA,NVI-NGS-5132,442430.0,critical,True
InfiniBand Switches,Quantum-2 QM9700 switch,NVIDIA Networking,NVI-IS-6966,45544.0,critical,True
InfiniBand Switches,Quantum-X800 switch,NVIDIA Networking,NVI-IS-2889,59411.0,critical,True
InfiniBand Switches,NDR 400G cable set,NVIDIA Networking,NVI-IS-8634,45775.0,critical,True
Network Equipment,800G data center switch,Arista,ARI-NE-6109,23754.0,high,False
Network Equipment,800G data center switch,Cisco,CIS-NE-2674,68228.0,high,False
Network Equipment,800G data center switch,Juniper,JUN-NE-5337,50068.0,high,False
Network Equipment,DCI router,Arista,ARI-NE-3645,52594.0,high,False
Network Equipment,DCI router,Cisco,CIS-NE-4362,81716.0,high,False
Network Equipment,DCI router,Juniper,JUN-NE-9654,42237.0,high,False
Network Equipment,Top-of-rack switch,Arista,ARI-NE-9899,79248.0,high,False
Network Equipment,Top-of-rack switch,Cisco,CIS-NE-9652,37972.0,high,False
Network Equipment,Top-of-rack switch,Juniper,JUN-NE-2491,64645.0,high,False
Transformers,138kV power transformer,ABB,ABB-T-5278,1149836.0,critical,True
Transformers,138kV power transformer,Siemens Energy,SIE-T-3736,930190.0,critical,True
Transformers,138kV power transformer,Hyundai Electric,HYU-T-4650,1169000.0,critical,True
Transformers,34.5kV pad-mount transformer,ABB,ABB-T-9236,895048.0,critical,True
Transformers,34.5kV pad-mount transformer,Siemens Energy,SIE-T-4654,1277858.0,critical,True
Transformers,34.5kV pad-mount transformer,Hyundai Electric,HYU-T-4197,1538206.0,critical,True
Transformers,Substation transformer,ABB,ABB-T-7564,1448829.0,critical,True
Transformers,Substation transformer,Siemens Energy,SIE-T-4714,719889.0,critical,True
Transformers,Substation transformer,Hyundai Electric,HYU-T-9073,930009.0,critical,True
Chillers,Water-cooled centrifugal chiller,Carrier,CAR-C-1474,715426.0,critical,False
Chillers,Water-cooled centrifugal chiller,Trane,TRA-C-5577,487786.0,critical,False
Chillers,Water-cooled centrifugal chiller,York,YOR-C-4172,584710.0,critical,False
Chillers,Air-cooled screw chiller,Carrier,CAR-C-6640,476780.0,critical,False
Chillers,Air-cooled screw chiller,Trane,TRA-C-6726,700200.0,critical,False
Chillers,Air-cooled screw chiller,York,YOR-C-6974,315437.0,critical,False
Cooling Systems,Liquid cooling CDU,Vertiv,VER-CS-2673,93772.0,high,True
Cooling Systems,Liquid cooling CDU,Motivair,MOT-CS-4222,117614.0,high,True
Cooling Systems,Liquid cooling CDU,Boyd,BOY-CS-8907,179174.0,high,True
Cooling Systems,Rear-door heat exchanger,Vertiv,VER-CS-1031,148087.0,high,True
Cooling Systems,Rear-door heat exchanger,Motivair,MOT-CS-6636,216923.0,high,True
Cooling Systems,Rear-door heat exchanger,Boyd,BOY-CS-2389,224449.0,high,True
Cooling Systems,CRAH unit,Vertiv,VER-CS-2964,240602.0,high,True
Cooling Systems,CRAH unit,Motivair,MOT-CS-4265,147777.0,high,True
Cooling Systems,CRAH unit,Boyd,BOY-CS-3924,138294.0,high,True
UPS Systems,1.2MW modular UPS,Vertiv,VER-US-6447,118627.0,high,False
UPS Systems,1.2MW modular UPS,Eaton,EAT-US-7485,242843.0,high,False
UPS Systems,1.2MW modular UPS,Schneider Electric,SCH-US-2391,329184.0,high,False
UPS Systems,Static UPS 750kVA,Vertiv,VER-US-3785,417727.0,high,False
UPS Systems,Static UPS 750kVA,Eaton,EAT-US-1451,139880.0,high,False
UPS Systems,Static UPS 750kVA,Schneider Electric,SCH-US-8624,356146.0,high,False
UPS Systems,Lithium-ion battery cabinet,Vertiv,VER-US-3394,291819.0,high,False
UPS Systems,Lithium-ion battery cabinet,Eaton,EAT-US-8771,306899.0,high,False
UPS Systems,Lithium-ion battery cabinet,Schneider Electric,SCH-US-6741,141451.0,high,False
Power Distribution Units,Overhead busway 1600A,Vertiv,VER-PDU-9983,10686.0,medium,False
Power Distribution Units,Overhead busway 1600A,Schneider Electric,SCH-PDU-1233,52460.0,medium,False
Power Distribution Units,Overhead busway 1600A,Raritan,RAR-PDU-2683,35411.0,medium,False
Power Distribution Units,Floor PDU 400kVA,Vertiv,VER-PDU-3281,29613.0,medium,False
Power Distribution Units,Floor PDU 400kVA,Schneider Electric,SCH-PDU-4191,54135.0,medium,False
Power Distribution Units,Floor PDU 400kVA,Raritan,RAR-PDU-4457,4250.0,medium,False
Power Distribution Units,Rack PDU metered,Vertiv,VER-PDU-4486,20810.0,medium,False
Power Distribution Units,Rack PDU metered,Schneider Electric,SCH-PDU-4940,50230.0,medium,False
Power Distribution Units,Rack PDU metered,Raritan,RAR-PDU-6341,18710.0,medium,False
Storage Systems,All-flash storage array,Pure Storage,PUR-SS-7865,455336.0,high,False
Storage Systems,All-flash storage array,VAST Data,VAS-SS-1997,484907.0,high,False
Storage Systems,All-flash storage array,Dell,DEL-SS-6796,480105.0,high,False
Storage Systems,Object storage cluster node,Pure Storage,PUR-SS-9466,294045.0,high,False
Storage Systems,Object storage cluster node,VAST Data,VAS-SS-9219,180998.0,high,False
Storage Systems,Object storage cluster node,Dell,DEL-SS-3487,334168.0,high,False
Storage Systems,NVMe expansion shelf,Pure Storage,PUR-SS-1306,470394.0,high,False
Storage Systems,NVMe expansion shelf,VAST Data,VAS-SS-4000,367336.0,high,False
Storage Systems,NVMe expansion shelf,Dell,DEL-SS-3454,197215.0,high,False
Racks,48U server rack,Rittal,RIT-R-8757,10001.0,low,False
Racks,48U server rack,Vertiv,VER-R-2971,9343.0,low,False
Racks,48U server rack,Legrand,LEG-R-6340,10664.0,low,False
Racks,Seismic rack enclosure,Rittal,RIT-R-9695,9332.0,low,False
Racks,Seismic rack enclosure,Vertiv,VER-R-2738,12774.0,low,False
Racks,Seismic rack enclosure,Legrand,LEG-R-1930,6109.0,low,False
Racks,Cable management kit,Rittal,RIT-R-5537,3943.0,low,False
Racks,Cable management kit,Vertiv,VER-R-2601,8831.0,low,False
Racks,Cable management kit,Legrand,LEG-R-1456,11480.0,low,False
Backup Generators,3MW diesel genset,Caterpillar,CAT-BG-2038,1448385.0,critical,True
Backup Generators,3MW diesel genset,Cummins,CUM-BG-9282,1668286.0,critical,True
Backup Generators,3MW diesel genset,MTU,MTU-BG-4267,1785187.0,critical,True
Backup Generators,2.5MW gas genset,Caterpillar,CAT-BG-8411,1536011.0,critical,True
Backup Generators,2.5MW gas genset,Cummins,CUM-BG-8832,1535465.0,critical,True
Backup Generators,2.5MW gas genset,MTU,MTU-BG-5057,1793944.0,critical,True
Backup Generators,Day tank & controls package,Caterpillar,CAT-BG-5253,2095759.0,critical,True
Backup Generators,Day tank & controls package,Cummins,CUM-BG-4319,1984000.0,critical,True
Backup Generators,Day tank & controls package,MTU,MTU-BG-3246,1412460.0,critical,True
